Designator,Mid X,Mid Y,Layer,Rotation
C201,140.9000,-34.1000,bottom,90.00
C202,154.6000,-38.3000,bottom,90.00
C203,186.8000,-54.3000,bottom,90.00
C204,159.6000,-52.0000,bottom,0.00
C205,160.4000,-54.3000,bottom,90.00
C206,139.8000,-58.9000,bottom,270.00
C210,166.8000,-54.3000,bottom,90.00
C211,168.4000,-54.3000,bottom,90.00
C212,170.0000,-54.3000,bottom,90.00
C213,171.6000,-54.3000,bottom,90.00
C214,173.2000,-54.3000,bottom,90.00
C215,174.8000,-54.3000,bottom,90.00
C216,138.2000,-58.9000,bottom,270.00
C217,136.6000,-58.9000,bottom,270.00
C218,143.0000,-58.9000,bottom,270.00
C219,141.4000,-58.9000,bottom,270.00
C220,163.6000,-54.3000,bottom,90.00
C221,165.2000,-54.3000,bottom,90.00
D1,43.1800,-42.1000,bottom,90.00
D10,252.7300,-42.1000,bottom,90.00
D100,307.4987,-146.8750,bottom,90.00
D101,333.6925,-146.8750,bottom,90.00
D102,352.7425,-146.8750,bottom,90.00
D103,371.7925,-146.8750,bottom,90.00
D104,405.1300,-146.8750,bottom,90.00
D105,433.7050,-146.8750,bottom,90.00
D106,290.8375,-88.9250,bottom,90.00
D107,299.4937,-111.4750,bottom,90.00
D108,53.5063,-133.5250,bottom,0.00
D11,271.7800,-42.1000,bottom,90.00
D12,290.8300,-42.1000,bottom,90.00
D126,447.6750,-38.1000,top,0.00
D128,428.6250,-38.1000,top,0.00
D13,309.8800,-42.1000,bottom,90.00
D14,333.6925,-42.1000,bottom,90.00
D15,352.7425,-42.1000,bottom,90.00
D16,371.7925,-42.1000,bottom,90.00
D17,43.1800,-70.6750,bottom,90.00
D18,62.2300,-70.6750,bottom,90.00
D19,81.2800,-70.6750,bottom,90.00
D2,81.2800,-42.1000,bottom,90.00
D20,100.3300,-70.6750,bottom,90.00
D21,119.3800,-70.6750,bottom,90.00
D22,138.4300,-70.6750,bottom,90.00
D23,157.4800,-70.6750,bottom,90.00
D24,176.5300,-70.6750,bottom,90.00
D25,195.5800,-70.6750,bottom,90.00
D26,214.6300,-70.6750,bottom,90.00
D27,233.6800,-70.6750,bottom,90.00
D28,252.7300,-70.6750,bottom,90.00
D29,271.7800,-70.6750,bottom,90.00
D3,100.3300,-42.1000,bottom,90.00
D30,300.3550,-70.6750,bottom,90.00
D31,333.6925,-70.6750,bottom,90.00
D32,352.7425,-70.6750,bottom,90.00
D33,371.7925,-70.6750,bottom,90.00
D34,395.6050,-70.6750,bottom,90.00
D35,414.6550,-70.6750,bottom,90.00
D36,433.7050,-70.6750,bottom,90.00
D37,452.7550,-70.6750,bottom,90.00
D38,47.9425,-89.7250,bottom,90.00
D39,71.7550,-89.7250,bottom,90.00
D4,119.3800,-42.1000,bottom,90.00
D40,90.8050,-89.7250,bottom,90.00
D41,109.8550,-89.7250,bottom,90.00
D42,128.9050,-89.7250,bottom,90.00
D43,147.9550,-89.7250,bottom,90.00
D44,167.0050,-89.7250,bottom,90.00
D45,186.0550,-89.7250,bottom,90.00
D46,205.1050,-89.7250,bottom,90.00
D47,224.1550,-89.7250,bottom,90.00
D48,243.2050,-89.7250,bottom,90.00
D49,262.2550,-89.7250,bottom,90.00
D5,138.4300,-42.1000,bottom,90.00
D50,281.3050,-89.7250,bottom,90.00
D51,333.6925,-89.7250,bottom,90.00
D52,352.7425,-89.7250,bottom,90.00
D53,371.7925,-89.7250,bottom,90.00
D54,395.6050,-89.7250,bottom,90.00
D55,414.6550,-89.7250,bottom,90.00
D56,433.7050,-89.7250,bottom,90.00
D57,452.7550,-99.2500,bottom,90.00
D58,50.3237,-108.7750,bottom,90.00
D59,76.5175,-108.7750,bottom,90.00
D6,167.0050,-42.1000,bottom,90.00
D60,95.5675,-108.7750,bottom,90.00
D61,114.6175,-108.7750,bottom,90.00
D62,133.6675,-108.7750,bottom,90.00
D63,152.7175,-108.7750,bottom,90.00
D64,171.7675,-108.7750,bottom,90.00
D65,190.8175,-108.7750,bottom,90.00
D66,209.8675,-108.7750,bottom,90.00
D67,228.9175,-108.7750,bottom,90.00
D68,247.9675,-108.7750,bottom,90.00
D69,267.0175,-108.7750,bottom,90.00
D7,186.0550,-42.1000,bottom,90.00
D70,286.0675,-108.7750,bottom,90.00
D71,309.0188,-99.2500,bottom,90.00
D72,395.6050,-108.7750,bottom,90.00
D73,414.6550,-108.7750,bottom,90.00
D74,433.7050,-108.7750,bottom,90.00
D75,45.5613,-127.8250,bottom,90.00
D76,66.9925,-127.8250,bottom,90.00
D77,86.0425,-127.8250,bottom,90.00
D78,105.0925,-127.8250,bottom,90.00
D79,124.1425,-127.8250,bottom,90.00
D8,205.1050,-42.1000,bottom,90.00
D80,143.1925,-127.8250,bottom,90.00
D81,162.2425,-127.8250,bottom,90.00
D82,181.2925,-127.8250,bottom,90.00
D83,200.3425,-127.8250,bottom,90.00
D84,219.3925,-127.8250,bottom,90.00
D85,238.4425,-127.8250,bottom,90.00
D86,257.4925,-127.8250,bottom,90.00
D87,293.2113,-127.8250,bottom,90.00
D88,352.7425,-127.8250,bottom,90.00
D89,395.6050,-127.8250,bottom,90.00
D9,224.1550,-42.1000,bottom,90.00
D90,414.6550,-127.8250,bottom,90.00
D91,433.7050,-127.8250,bottom,90.00
D92,452.7550,-137.3500,bottom,90.00
D93,45.5613,-146.8750,bottom,90.00
D94,69.3738,-146.8750,bottom,90.00
D95,93.1863,-146.8750,bottom,90.00
D96,164.6238,-146.8750,bottom,90.00
D97,236.0613,-146.8750,bottom,90.00
D98,259.8737,-146.8750,bottom,90.00
D99,283.6862,-146.8750,bottom,90.00
F1,154.6000,-32.4000,bottom,90.00
J1,147.6375,-30.9750,bottom,0.00
LED1,38.1000,-43.1800,bottom,0.00
LED10,247.6500,-43.1800,bottom,0.00
LED100,302.4187,-147.9550,bottom,0.00
LED101,328.6125,-147.9550,bottom,0.00
LED102,347.6625,-147.9550,bottom,0.00
LED103,366.7125,-147.9550,bottom,0.00
LED104,400.0500,-147.9550,bottom,0.00
LED105,428.6250,-147.9550,bottom,0.00
LED107,292.8938,-109.8550,bottom,0.00
LED108,50.0063,-128.9050,bottom,0.00
LED11,266.7000,-43.1800,bottom,0.00
LED12,285.7500,-43.1800,bottom,0.00
LED13,304.8000,-43.1800,bottom,0.00
LED14,328.6125,-43.1800,bottom,0.00
LED15,347.6625,-43.1800,bottom,0.00
LED16,366.7125,-43.1800,bottom,0.00
LED17,38.1000,-71.7550,bottom,0.00
LED18,57.1500,-71.7550,bottom,0.00
LED19,76.2000,-71.7550,bottom,0.00
LED2,76.2000,-43.1800,bottom,0.00
LED20,95.2500,-71.7550,bottom,0.00
LED21,114.3000,-71.7550,bottom,0.00
LED22,133.3500,-71.7550,bottom,0.00
LED23,152.4000,-71.7550,bottom,0.00
LED24,171.4500,-71.7550,bottom,0.00
LED25,190.5000,-71.7550,bottom,0.00
LED26,209.5500,-71.7550,bottom,0.00
LED27,228.6000,-71.7550,bottom,0.00
LED28,247.6500,-71.7550,bottom,0.00
LED29,266.7000,-71.7550,bottom,0.00
LED3,95.2500,-43.1800,bottom,0.00
LED30,295.2750,-71.7550,bottom,0.00
LED31,328.6125,-71.7550,bottom,0.00
LED32,347.6625,-71.7550,bottom,0.00
LED33,366.7125,-71.7550,bottom,0.00
LED34,390.5250,-71.7550,bottom,0.00
LED35,409.5750,-71.7550,bottom,0.00
LED36,428.6250,-71.7550,bottom,0.00
LED37,447.6750,-71.7550,bottom,0.00
LED38,42.8625,-90.8050,bottom,0.00
LED39,66.6750,-90.8050,bottom,0.00
LED4,114.3000,-43.1800,bottom,0.00
LED40,85.7250,-90.8050,bottom,0.00
LED41,104.7750,-90.8050,bottom,0.00
LED42,123.8250,-90.8050,bottom,0.00
LED43,142.8750,-90.8050,bottom,0.00
LED44,161.9250,-90.8050,bottom,0.00
LED45,180.9750,-90.8050,bottom,0.00
LED46,200.0250,-90.8050,bottom,0.00
LED47,219.0750,-90.8050,bottom,0.00
LED48,238.1250,-90.8050,bottom,0.00
LED49,257.1750,-90.8050,bottom,0.00
LED5,133.3500,-43.1800,bottom,0.00
LED50,276.2250,-90.8050,bottom,0.00
LED51,328.6125,-90.8050,bottom,0.00
LED52,347.6625,-90.8050,bottom,0.00
LED53,366.7125,-90.8050,bottom,0.00
LED54,390.5250,-90.8050,bottom,0.00
LED55,409.5750,-90.8050,bottom,0.00
LED56,428.6250,-90.8050,bottom,0.00
LED57,447.6750,-100.3300,bottom,0.00
LED58,45.2437,-109.8550,bottom,0.00
LED59,71.4375,-109.8550,bottom,0.00
LED6,161.9250,-43.1800,bottom,0.00
LED60,90.4875,-109.8550,bottom,0.00
LED61,109.5375,-109.8550,bottom,0.00
LED62,128.5875,-109.8550,bottom,0.00
LED63,147.6375,-109.8550,bottom,0.00
LED64,166.6875,-109.8550,bottom,0.00
LED65,185.7375,-109.8550,bottom,0.00
LED66,204.7875,-109.8550,bottom,0.00
LED67,223.8375,-109.8550,bottom,0.00
LED68,242.8875,-109.8550,bottom,0.00
LED69,261.9375,-109.8550,bottom,0.00
LED7,180.9750,-43.1800,bottom,0.00
LED70,280.9875,-109.8550,bottom,0.00
LED71,302.4187,-100.3300,bottom,0.00
LED72,390.5250,-109.8550,bottom,0.00
LED73,409.5750,-109.8550,bottom,0.00
LED74,428.6250,-109.8550,bottom,0.00
LED75,40.4813,-128.9050,bottom,0.00
LED76,61.9125,-128.9050,bottom,0.00
LED77,80.9625,-128.9050,bottom,0.00
LED78,100.0125,-128.9050,bottom,0.00
LED79,119.0625,-128.9050,bottom,0.00
LED8,200.0250,-43.1800,bottom,0.00
LED80,138.1125,-128.9050,bottom,0.00
LED81,157.1625,-128.9050,bottom,0.00
LED82,176.2125,-128.9050,bottom,0.00
LED83,195.2625,-128.9050,bottom,0.00
LED84,214.3125,-128.9050,bottom,0.00
LED85,233.3625,-128.9050,bottom,0.00
LED86,252.4125,-128.9050,bottom,0.00
LED87,288.1313,-128.9050,bottom,0.00
LED88,347.6625,-128.9050,bottom,0.00
LED89,390.5250,-128.9050,bottom,0.00
LED9,219.0750,-43.1800,bottom,0.00
LED90,409.5750,-128.9050,bottom,0.00
LED91,428.6250,-128.9050,bottom,0.00
LED92,447.6750,-138.4300,bottom,0.00
LED93,40.4813,-147.9550,bottom,0.00
LED94,64.2938,-147.9550,bottom,0.00
LED95,88.1063,-147.9550,bottom,0.00
LED96,159.5437,-147.9550,bottom,0.00
LED97,230.9812,-147.9550,bottom,0.00
LED98,254.7937,-147.9550,bottom,0.00
LED99,278.6062,-147.9550,bottom,0.00
Q1,215.8000,-54.3000,bottom,0.00
Q2,207.4000,-54.3000,bottom,0.00
Q3,199.0000,-54.3000,bottom,0.00
R1,33.0200,-42.1000,bottom,90.00
R10,242.5700,-42.1000,bottom,90.00
R100,297.3388,-146.8750,bottom,90.00
R101,323.5325,-146.8750,bottom,90.00
R102,342.5825,-146.8750,bottom,90.00
R103,361.6325,-146.8750,bottom,90.00
R104,394.9700,-146.8750,bottom,90.00
R105,423.5450,-146.8750,bottom,90.00
R107,289.2937,-111.9750,bottom,90.00
R108,47.0063,-133.5250,bottom,0.00
R11,261.6200,-42.1000,bottom,90.00
R12,280.6700,-42.1000,bottom,90.00
R121,220.0000,-55.2500,bottom,180.00
R122,220.0000,-53.3500,bottom,0.00
R123,211.6000,-55.2500,bottom,180.00
R124,211.6000,-53.3500,bottom,0.00
R125,203.2000,-55.2500,bottom,180.00
R126,203.2000,-53.3500,bottom,0.00
R127,369.5000,-58.3000,bottom,0.00
R129,451.6750,-38.1000,bottom,90.00
R13,299.7200,-42.1000,bottom,90.00
R130,432.6250,-38.1000,bottom,90.00
R14,323.5325,-42.1000,bottom,90.00
R15,342.5825,-42.1000,bottom,90.00
R16,361.6325,-42.1000,bottom,90.00
R17,33.0200,-70.6750,bottom,90.00
R18,52.0700,-70.6750,bottom,90.00
R19,71.1200,-70.6750,bottom,90.00
R2,71.1200,-42.1000,bottom,90.00
R20,90.1700,-70.6750,bottom,90.00
R201,140.9000,-37.6000,bottom,90.00
R202,151.6000,-39.3000,bottom,90.00
R203,140.9000,-30.6000,bottom,90.00
R204,144.3000,-41.0000,bottom,270.00
R205,142.6000,-40.0000,bottom,270.00
R206,162.0000,-54.3000,bottom,90.00
R207,126.6000,-58.7000,bottom,0.00
R208,113.4000,-58.7000,bottom,0.00
R21,109.2200,-70.6750,bottom,90.00
R22,128.2700,-70.6750,bottom,90.00
R23,147.3200,-70.6750,bottom,90.00
R24,166.3700,-70.6750,bottom,90.00
R25,185.4200,-70.6750,bottom,90.00
R26,204.4700,-70.6750,bottom,90.00
R27,223.5200,-70.6750,bottom,90.00
R28,242.5700,-70.6750,bottom,90.00
R29,261.6200,-70.6750,bottom,90.00
R3,90.1700,-42.1000,bottom,90.00
R30,290.1950,-70.6750,bottom,90.00
R31,323.5325,-70.6750,bottom,90.00
R32,342.5825,-70.6750,bottom,90.00
R33,361.6325,-70.6750,bottom,90.00
R34,385.4450,-70.6750,bottom,90.00
R35,404.4950,-70.6750,bottom,90.00
R36,423.5450,-70.6750,bottom,90.00
R37,442.5950,-70.6750,bottom,90.00
R38,37.7825,-89.7250,bottom,90.00
R39,61.5950,-89.7250,bottom,90.00
R4,109.2200,-42.1000,bottom,90.00
R40,80.6450,-89.7250,bottom,90.00
R41,99.6950,-89.7250,bottom,90.00
R42,118.7450,-89.7250,bottom,90.00
R43,137.7950,-89.7250,bottom,90.00
R44,156.8450,-89.7250,bottom,90.00
R45,175.8950,-89.7250,bottom,90.00
R46,194.9450,-89.7250,bottom,90.00
R47,213.9950,-89.7250,bottom,90.00
R48,233.0450,-89.7250,bottom,90.00
R49,252.0950,-89.7250,bottom,90.00
R5,128.2700,-42.1000,bottom,90.00
R50,271.1450,-89.7250,bottom,90.00
R51,323.5325,-89.7250,bottom,90.00
R52,342.5825,-89.7250,bottom,90.00
R53,361.6325,-89.7250,bottom,90.00
R54,385.4450,-89.7250,bottom,90.00
R55,404.4950,-89.7250,bottom,90.00
R56,423.5450,-89.7250,bottom,90.00
R57,442.5950,-99.2500,bottom,90.00
R58,40.1638,-108.7750,bottom,90.00
R59,66.3575,-108.7750,bottom,90.00
R6,156.8450,-42.1000,bottom,90.00
R60,85.4075,-108.7750,bottom,90.00
R61,104.4575,-108.7750,bottom,90.00
R62,123.5075,-108.7750,bottom,90.00
R63,142.5575,-108.7750,bottom,90.00
R64,161.6075,-108.7750,bottom,90.00
R65,180.6575,-108.7750,bottom,90.00
R66,199.7075,-108.7750,bottom,90.00
R67,218.7575,-108.7750,bottom,90.00
R68,237.8075,-108.7750,bottom,90.00
R69,256.8575,-108.7750,bottom,90.00
R7,175.8950,-42.1000,bottom,90.00
R70,275.9075,-108.7750,bottom,90.00
R71,297.3388,-99.2500,bottom,90.00
R72,385.4450,-108.7750,bottom,90.00
R73,404.4950,-108.7750,bottom,90.00
R74,423.5450,-108.7750,bottom,90.00
R75,35.4012,-127.8250,bottom,90.00
R76,56.8325,-127.8250,bottom,90.00
R77,75.8825,-127.8250,bottom,90.00
R78,94.9325,-127.8250,bottom,90.00
R79,113.9825,-127.8250,bottom,90.00
R8,194.9450,-42.1000,bottom,90.00
R80,133.0325,-127.8250,bottom,90.00
R81,152.0825,-127.8250,bottom,90.00
R82,171.1325,-127.8250,bottom,90.00
R83,190.1825,-127.8250,bottom,90.00
R84,209.2325,-127.8250,bottom,90.00
R85,228.2825,-127.8250,bottom,90.00
R86,247.3325,-127.8250,bottom,90.00
R87,283.0512,-127.8250,bottom,90.00
R88,342.5825,-127.8250,bottom,90.00
R89,385.4450,-127.8250,bottom,90.00
R9,213.9950,-42.1000,bottom,90.00
R90,404.4950,-127.8250,bottom,90.00
R91,423.5450,-127.8250,bottom,90.00
R92,442.5950,-137.3500,bottom,90.00
R93,35.4012,-146.8750,bottom,90.00
R94,59.2137,-146.8750,bottom,90.00
R95,83.0263,-146.8750,bottom,90.00
R96,154.4637,-146.8750,bottom,90.00
R97,225.9012,-146.8750,bottom,90.00
R98,249.7137,-146.8750,bottom,90.00
R99,273.5263,-146.8750,bottom,90.00
SW201,115.6000,-54.3000,bottom,0.00
SW202,124.4000,-54.3000,bottom,0.00
U1,148.0000,-54.5000,bottom,270.00
U2,137.4000,-54.3000,bottom,0.00
U3,183.0000,-54.3000,bottom,0.00
U4,147.6400,-39.3000,bottom,0.00
Y1,155.8000,-53.7500,bottom,0.00
